,question,answer,result,answerScore,answerComment,retrievalScore,retrievalComment,latency,Total score: 0.7 (7 / 10),"Parameters: {'dataset_file': 'datasets/example.csv', 'result_path': 'results/example_result.csv', 'num_eval_questions': 10, 'incorrect_first': False, 'grade_prompt': 'Basic', 'file_paths': ['docs/fee_brochure.pdf', 'docs/fee_rules.pdf'], 'embeddings': 'OpenAI', 'model_version': 'gpt-3.5-turbo', 'num_neighbors': 3, 'create_new_vs': True, 'chunk_chars': 1500, 'overlap': 0, 'split_method': 'RecursiveTextSplitter', 'save_vs_path': 'example_vs', 'vector_store': 'example_vs'}"
0,What is the history and current status of the Faculty of Electrical Engineering at the Czech Technical University?,"The Faculty of Electrical Engineering (FEE) at the Czech Technical University (CTU) in Prague was founded in 1950 when the Department of Electrical Engineering became an independent faculty. It is located in two buildings: in Dejvice (on the main CTU campus) and at Charles Square, both in the central area of Prague. FEE offers education in electrical engineering, telecommunications, automation, informatics, and computer science & engineering. The study programmes are taught in Czech and English and are closely linked to the faculty’s research activities. FEE ranks among the top 5 research institutions in the Czech Republic and generates about 30% of the whole research output of CTU. It collaborates extensively with top universities and institutions worldwide and offers innovative solutions to industrial partners, military and security institutions. FEE also participates in space research programmes and works with government agencies. Since 1950, FEE has awarded more than 30,000 diplomas. The faculty has over 3060 students in total, with 1657 undergraduate, 892 master, and 511 PhD students. The academic staff includes 57 full professors, 75 associate professors, and 373 assistant professors and researchers. Each year, it graduates around 289 undergraduate, 323 master, and 54 PhD students. It also has 560 international BSc and MSc students from more than 44 countries.","The Faculty of Electrical Engineering (FEE) at the Czech Technical University was established in 1950 and consists of 17 departments. It is one of the top research institutions in the Czech Republic and offers study programs in electrical engineering, telecommunications, automation, informatics, and computer science. FEE has a rich tradition and is ranked 150-200 in both Electrical Engineering and Computer Science and Engineering according to QS rankings.",1,"GRADE: Correct

JUSTIFICATION: The student's answer accurately reflects the history and current status of the Faculty of Electrical Engineering at the Czech Technical University, even though it does not include all the details provided in the true answer.",1,"GRADE: Correct

JUSTIFICATION: The retrieved documents are relevant to the question as they provide detailed information about the history, current status, academic programs, research activities, and student demographics of the Faculty of Electrical Engineering at the Czech Technical University. This information supports the answer provided.",2.4891324043273926,Typical latency: 1.5830713378058539,
1,What are the main areas of research for the Department of Cybernetics at the Czech Technical University?,"The main areas of research for the Department of Cybernetics at the Czech Technical University are artificial intelligence, computer vision, robotics, biomedical engineering and applications.","The main areas of research for the Department of Cybernetics at the Czech Technical University are artificial intelligence, computer vision, robotics, biomedical engineering, and applications.",1,"GRADE: Correct

JUSTIFICATION: The student's answer matches the true answer in terms of the main areas of research for the Department of Cybernetics at the Czech Technical University.",1,"GRADE: Correct

JUSTIFICATION: The retrieved document (Doc 1) is relevant to the question as it directly mentions the main areas of research for the Department of Cybernetics at the Czech Technical University. The answer is supported by the information in the document.",1.3616533279418945,,
2,What are some of the projects that the department is involved in?,"The department's projects include wireless network coding in random connectivity and dense interference networks, implementation of the European Galileo satellite positioning system in the Czech Republic, modeling and verification of methods for Quality of Experience (QoE) assessment in multimedia systems, development of quality evaluation methods for calomel optical elements, development of free and open-access network of robotic telescopes, an experiment for monitoring the optical counterparts of gamma-ray flashes, astronomical glass plates digitization and data mining, design, implementation and modelling of imaging systems, symbolic and semi-symbolic methods for power RF application, multimedia and RF applications in assistive technology, and participation in preparation of payloads for space missions of ESA.","Some of the projects that the department is involved in include the V3C project, the development of the GridCut algorithm, the implementation of advanced features for image processing in Adobe Photoshop, the development of tools for navigation of visually impaired people, and the development of a unique mobile device for reflexivity measurement.",0,"GRADE: Incorrect

JUSTIFICATION: The student's answer does not match any of the projects listed in the true answer.",0,"GRADE: Incorrect

JUSTIFICATION: The retrieved documents do not mention any of the projects listed in the answer. The projects mentioned in the documents are related to computer graphics, interaction, and computer science, but they do not include any of the specific projects listed in the answer. Therefore, the documents do not support the answer.",1.8744688034057617,,
3,What is the average student to teacher ratio at this institution?,The average student to teacher ratio is 7 students per teacher.,The given context does not provide information about the student to teacher ratio at this institution.,0,"GRADE: Incorrect

JUSTIFICATION: The student's answer does not match the true answer, which provides a specific student to teacher ratio.",0,"GRADE: Incorrect

JUSTIFICATION: The retrieved documents do not provide any information about the student to teacher ratio at the institution. The answer is not supported by the documents.",1.0538759231567383,,
4,What does one credit represent in the system of credits at CTU?,One credit represents 1/60 of the average annual student’s workload in a standard period of study and with the recommended time plan of the studies.,One credit represents 1/60 of the average annual student's workload in a standard period of study and with the recommended time plan of the studies.,1,"GRADE: Correct

JUSTIFICATION: The student's answer is factually accurate and matches the true answer exactly.",1,"GRADE: Correct 

JUSTIFICATION: The retrieved documents are relevant to the question as they provide information about the credit system at CTU. The answer is directly supported by the information in Doc 1 which states that one credit represents 1/60 of the average annual student’s workload.",1.2827353477478027,,
5,What conditions must be met for a student to have their studies from another university recognized?,"A student who has been accepted to study in the same study programme or in a similar study programme which they have studied in the past at another university may have a section of the studies (semester, academic year or unit) or individual subjects acknowledged (recognized), provided not more than five years have elapsed since their completion. The recognition may be conditioned on passing bridging examinations.",A student must have been accepted to study in the same or similar study program at another university and not more than five years must have elapsed since their completion. The recognition may be conditioned on passing bridging examinations. The decision about the recognition is taken by the dean.,1,"GRADE: Correct

JUSTIFICATION: The student's answer accurately reflects the conditions for having studies from another university recognized, including the time limit, the need for similar study programs, and the possibility of bridging examinations.",1,"GRADE: Correct 

JUSTIFICATION: The retrieved documents are relevant to the question as they provide information about the conditions for recognizing studies from another university. They support the answer by stating that a student may have their studies recognized if they have been accepted to study in the same or similar programme, not more than five years have elapsed since their completion, and they may need to pass bridging examinations.",1.6054954528808594,,
6,What happens if a part of the state final examination is evaluated by an F grade twice?,"If the part of the state final examination which is repeated is evaluated by an F grade, the studies are terminated pursuant to Section 56, Para 1 (b) of the Act and Article 34, Para 7 (b) hereof.","If a part of the state final examination is evaluated by an F grade twice, the student's studies will be terminated.",1,"GRADE: Correct

JUSTIFICATION: The student's answer accurately reflects the outcome of receiving an F grade twice on a part of the state final examination, even though it lacks the specific legal references included in the true answer.",1,"GRADE: Correct

JUSTIFICATION: The retrieved documents are relevant to the question and support the answer. Document 1 specifically states that if a part of the state final examination is evaluated by an F grade twice, the studies are terminated. This directly answers the question.",1.6110360622406006,,
7,What are the obligations of a doctoral student in the study programme?,"The study obligation of a doctoral student is to fulfil the ISP together with research and creative activity in the field of research or development, or theoretical and creative activity in the field of art that they perform under the supervisor’s leadership. The doctoral student is also obliged to show up once a year for enrolment in the next study unit on a defined date. The enrolment is conditioned on the submission of a report of activities and its approval by the supervisor, the head of the training centre and the chair of ORO.","The obligations of a doctoral student in the study programme include fulfilling the Individual Study Plan (ISP), conducting research and creative activities related to their field of study and dissertation thesis, and completing obligatory specialization subjects.",0,"GRADE: Incorrect

JUSTIFICATION: The student's answer missed key obligations such as annual enrolment and submission of a report of activities for approval.",1,"GRADE: Correct

JUSTIFICATION: The retrieved documents are relevant to the question as they provide information about the obligations of a doctoral student in a study programme. They support the answer by detailing the requirements for enrolment, the need for research and creative activity, and the importance of meeting the obligations stipulated by the Rules of Doctoral Studies.",2.084318161010742,,
8,What are the requirements for a dissertation thesis according to Article 28?,"The dissertation thesis is the result of a solution of a specific scientific or creative task; it proves the doctoral student’s ability to work independently and creatively and it must include original results of scientific or creative work of the author of the dissertation thesis published or accepted for publication. The general subject or topic of the dissertation thesis is announced before the admission procedure based on a proposal by the future supervisor, following a recommendation of the head of the training centre and approval of ORO and the dean. The title of the dissertation thesis, including its content, will be set by the end of the study unit at the latest. A set of publications or accepted manuscripts, supplemented with an integrating text, can also be accepted as dissertation thesis. Dissertation theses are drawn in Czech, Slovak or English. Upon approval of the chair of ORO, applicants can submit dissertation theses in another world language. Other formal requirements for dissertation theses will be stipulated by a binding directive of the dean of the faculty, where the study programme is implemented. If a thesis does not comply with these formal requirements, the S&R Department may not accept it for further proceedings.",The dissertation thesis must demonstrate the doctoral student's ability to work independently and creatively and must include original results of scientific or creative work. It can also be accepted as a set of publications or accepted manuscripts with an integrating text. The title and content of the dissertation thesis must be set by the end of the study unit.,1,"GRADE: Correct

JUSTIFICATION: The student's answer accurately summarizes the main requirements for a dissertation thesis according to Article 28, even though it omits some details.",1,"GRADE: Correct

JUSTIFICATION: The retrieved documents are relevant to the question as they provide information about the requirements for a dissertation thesis according to Article 28. The answer is supported by the information in the documents, specifically Doc 1 which contains Article 28.",2.0042219161987305,,
9,What are the conditions for the publication of theses at CTU?,"CTU publishes bachelor, master and dissertation theses on a non-profit basis, including supervisors and reviewers’ opinions and a report on the course and the result of the presentation and defence of the thesis, through the institutional repository (the CTU Digital Library). The originals of theses are published by individual faculties after their presentation and defence. The conditions, including the place of the publication, are set by the dean and are published in the public section of the website of the given faculty. Theses must also be made available at least five working days before the date of the presentation and defence, including supervisors and reviewers’ opinions, for public inspection at the CTU department where the presentation and defence of the thesis will be held, or through the CTU Digital Library. Authors of theses are obliged to insert the electronic version of the thesis into the CTU electronic information system by the set deadlines.",Theses at CTU are published on a non-profit basis through the CTU Digital Library. The originals of theses are published by individual faculties after their presentation and defense. Theses must be made available for public inspection at least five working days before the presentation and defense.,1,"GRADE: Correct

JUSTIFICATION: The student's answer accurately reflects the conditions for the publication of theses at CTU, including the non-profit basis, the role of individual faculties, and the requirement for public inspection prior to defense.",1,"GRADE: Correct

JUSTIFICATION: The retrieved documents are relevant to the question as they provide detailed information about the conditions for the publication of theses at CTU, which supports the answer.",1.3698370456695557,,
